Ricardo Paulo
ricado@gmail.com ricardo

Gabriel Paulo
gabriel@gmail.com gabriel

Rafael Paulo
rafael@gmail.com rafael

Monica Souza
monica@gmail.com monica

Veronica Souza
veronica@gmail.com veronica

Lemuel Lima
lemuel@gmail.com lemuel

Arthur Cunha
arthur@gmail.com arthur

Henrique Machado
henrique@gmail.com henrique

Vanessa Rocha
vanessa@gmail.com vanessa

Irineu Nem Eu
irineu@gmail.com irineu
